{"insightID":"5ce60cea-55f3-40ac-9ecb-265d9b460839","pixelReturn":[{"pixelExpression":"CachedPanel ( \"0\" ) ;","isMeta":false,"output":{"panelId":"0","panelLabel":"General Data Messiness","view":"visualization","viewOptions":"{\"type\":\"echarts\"}","viewOptionsMap":{"visualization":{"type":"echarts"}},"config":{},"ornaments":{"tools":{"shared":{"colorName":"Nine","backgroundColor":"#FFFFFF","color":{},"showAdjacent":true}}},"events":{},"comments":{},"position":{"top":0.0,"left":0.0,"width":29.644495412844034,"height":36.803874092009686},"filters":[],"order":[],"cbv":[]},"operationType":["CACHED_PANEL"]},{"pixelExpression":"CachedPanel ( \"0\" ) ;","isMeta":false,"output":{"panelId":"0","panelLabel":"General Data Messiness","view":"visualization","viewOptions":"{\"type\":\"echarts\"}","viewOptionsMap":{"visualization":{"type":"echarts"}},"config":{},"ornaments":{"tools":{"shared":{"colorName":"Nine","backgroundColor":"#FFFFFF","color":{},"showAdjacent":true}}},"events":{},"comments":{},"position":{"top":0.0,"left":0.0,"width":29.644495412844034,"height":36.803874092009686},"filters":[],"order":[],"cbv":[]},"operationType":["CACHED_PANEL"]},{"pixelExpression":"CachedPanel ( \"1\" ) ;","isMeta":false,"output":{"panelId":"1","panelLabel":"Semantic Column Similarity","view":"visualization","viewOptions":"{\"type\":\"echarts\"}","viewOptionsMap":{"visualization":{"type":"echarts"}},"config":{},"ornaments":{"tools":{"shared":{"heatmapColor":["#ffffe5","#f7fcb9","#d9f0a3","#addd8e","#78c679","#41ab5d","#238443","#006837","#004529","#00331f"]}}},"events":{"onSingleClick":{"Unfilter":[{"disabledVisuals":["Grid","Sunburst"],"default":true,"query":"UnfilterFrame(column_name);","options":{},"refresh":false,"disabled":false,"panel":""}]},"onDoubleClick":{"Filter":[{"default":true,"query":"AddFrameFilter(column_name==<SelectedValues>);","options":{},"refresh":false,"disabled":false,"panel":"0"}]}},"comments":{},"position":{"top":37.04600484261501,"left":0.0,"width":29.52981651376147,"height":62.95399515738499},"filters":[],"order":[],"cbv":[]},"operationType":["CACHED_PANEL"]},{"pixelExpression":"CachedPanel ( \"2\" ) ;","isMeta":false,"output":{"panelId":"2","panelLabel":"Columns in Multiple Tables","view":"text-widget","viewOptions":"{\"html\":\"<div ng-repeat=\\\"columnData in FrameData[0].output.data.values \\\" style=\\\"word-wrap: break-word; margin-right: 25px\\\">\\n<div class = \\\"header\\\"> <font size = \\\"5\\\" color = \\\"white\\\"><b>{{columnData[0] | replaceUnderscores}}</b></font></div>\\n<div id=\\\"colorstrip\\\"></div>\\n<ol>\\n<li><span> Frequency: </span><p class = \\\"ColumnDetails\\\">{{columnData[1] | replaceUnderscores}}</p></li>\\n<li><span> Tables: </span><p class = \\\"ColumnDetails\\\"> </p></li>\\n<br>\\n<div ng-repeat=\\\"tableData in FrameData2[0].output.data.values\\\" ng-if='columnData[0] == tableData[0]' style=\\\"word-wrap: break-word; margin-right: 25px\\\">\\n<ul >\\n<li><p class = \\\"Tables\\\"> {{tableData[1] | replaceUnderscores}} </p></li>\\n</ul>\\n</div>\\n</ol>\\n<br>\\n</div>\\n\\n<style>\\n\\n#TextWidget #colorstrip{\\n    width: 100%; height: 2px;\\n    border-style: solid;\\n    border-color: #86BC24;\\n    background-color: #86BC24;\\n}\\n#TextWidget .header{\\nbackground-color: #000000;\\n}\\n#TextWidget ol{\\n  color: #000000;\\n  list-style-type: none;\\n}\\n#TextWidget ol li{\\n  position: relative;\\n  font: bold italic 16px/1.5 Helvetica, Verdana, sans-serif;\\n  margin-bottom: 20px;\\n}\\n#TextWidget li p.ColumnDetails{\\n  font: 16px/1.5 Helvetica, sans-serif;\\n  padding-left: 110px;\\n  color: #000000;\\n}\\n#TextWidget li p.Tables{\\n  font: 16px/1.5 Helvetica, sans-serif;\\n  padding-left: 5px;\\n  color: #000000;\\n}\\n#TextWidget ul > li{margin-left:90px;\\n} \\n\\n#TextWidget span{\\n  position: absolute;\\n}\\n</style>\",\"varList\":[{\"name\":\"FrameData\",\"query\":\"Frame( frame = [PROFILE_FRAME] ) | Select ( column_name , count(column_name) ) .as ( [ column_name , CountOfcolumn_name]) | Group(column_name)| Filter(column_name != [\\\"PRIM_KEY_PLACEHOLDER\\\"]) | Sort ( columns = [CountOfcolumn_name], sort = [\\\"desc\\\"]) | Iterate() | Collect(500);\"},{\"name\":\"FrameData2\",\"query\":\"Frame( frame = [PROFILE_FRAME]) | Select ( column_name , table_name ) | Iterate() | Collect(500);\"}],\"freeze\":false,\"loading\":true}","viewOptionsMap":{"text-widget":{"html":"<div ng-repeat=\"columnData in FrameData[0].output.data.values \" style=\"word-wrap: break-word; margin-right: 25px\">\n<div class = \"header\"> <font size = \"5\" color = \"white\"><b>{{columnData[0] | replaceUnderscores}}</b></font></div>\n<div id=\"colorstrip\"></div>\n<ol>\n<li><span> Frequency: </span><p class = \"ColumnDetails\">{{columnData[1] | replaceUnderscores}}</p></li>\n<li><span> Tables: </span><p class = \"ColumnDetails\"> </p></li>\n<br>\n<div ng-repeat=\"tableData in FrameData2[0].output.data.values\" ng-if='columnData[0] == tableData[0]' style=\"word-wrap: break-word; margin-right: 25px\">\n<ul >\n<li><p class = \"Tables\"> {{tableData[1] | replaceUnderscores}} </p></li>\n</ul>\n</div>\n</ol>\n<br>\n</div>\n\n<style>\n\n#TextWidget #colorstrip{\n    width: 100%; height: 2px;\n    border-style: solid;\n    border-color: #86BC24;\n    background-color: #86BC24;\n}\n#TextWidget .header{\nbackground-color: #000000;\n}\n#TextWidget ol{\n  color: #000000;\n  list-style-type: none;\n}\n#TextWidget ol li{\n  position: relative;\n  font: bold italic 16px/1.5 Helvetica, Verdana, sans-serif;\n  margin-bottom: 20px;\n}\n#TextWidget li p.ColumnDetails{\n  font: 16px/1.5 Helvetica, sans-serif;\n  padding-left: 110px;\n  color: #000000;\n}\n#TextWidget li p.Tables{\n  font: 16px/1.5 Helvetica, sans-serif;\n  padding-left: 5px;\n  color: #000000;\n}\n#TextWidget ul > li{margin-left:90px;\n} \n\n#TextWidget span{\n  position: absolute;\n}\n</style>","varList":[{"name":"FrameData","query":"Frame( frame = [PROFILE_FRAME] ) | Select ( column_name , count(column_name) ) .as ( [ column_name , CountOfcolumn_name]) | Group(column_name)| Filter(column_name != [\"PRIM_KEY_PLACEHOLDER\"]) | Sort ( columns = [CountOfcolumn_name], sort = [\"desc\"]) | Iterate() | Collect(500);"},{"name":"FrameData2","query":"Frame( frame = [PROFILE_FRAME]) | Select ( column_name , table_name ) | Iterate() | Collect(500);"}],"freeze":false,"loading":true}},"config":{},"ornaments":{},"events":{},"comments":{},"position":{"top":0.0,"left":76.08944954128441,"width":23.56651376146789,"height":100.0},"filters":[],"order":[],"cbv":[]},"operationType":["CACHED_PANEL"]},{"pixelExpression":"CachedPanel ( \"3\" ) ;","isMeta":false,"output":{"panelId":"3","panelLabel":"Finding Duplicate Entities in a Table","view":"visualization","viewOptions":"{\"type\":\"echarts\"}","viewOptionsMap":{"visualization":{"type":"echarts"}},"config":{},"ornaments":{},"events":{"onSingleClick":{"Unfilter":[{"disabledVisuals":["Grid","Sunburst"],"default":true,"query":"UnfilterFrame(<SelectedColumn>);","options":{},"refresh":false,"disabled":false,"panel":""}]},"onBrush":{"Filter":[{"default":true,"query":"if(IsEmpty(<SelectedValues>), UnfilterFrame(<SelectedColumn>), SetFrameFilter(<SelectedColumn>==<SelectedValues>));","options":{},"refresh":false,"disabled":false,"panel":""}]}},"comments":{},"position":{"top":60.41162227602905,"left":29.701834862385322,"width":46.215596330275226,"height":39.58837772397095},"filters":[],"order":[],"cbv":[{"name":"cbv_1557433743057","options":{"color":"#86BC24","colorOn":"SSN","valuesColumn":"Count_of_PATIENTS"},"filterInfo":[],"havingInfo":[{"filterObj":{"comparator":"==","left":{"type":"COLUMN","value":"Count(PATIENTS)"},"right":{"type":"CONST_INT","value":[2.0,3.0,4.0]},"filterType":"SIMPLE"},"filterStr":"Count(PATIENTS) == [2.0, 3.0, 4.0 ]"}]},{"name":"cbv_1557433856937","options":{"color":"#000000","colorOn":"SSN","valuesColumn":"Count_of_PATIENTS"},"filterInfo":[],"havingInfo":[{"filterObj":{"comparator":"==","left":{"type":"COLUMN","value":"Count(PATIENTS)"},"right":{"type":"CONST_INT","value":1},"filterType":"SIMPLE"},"filterStr":"Count(PATIENTS) == 1"}]}]},"operationType":["CACHED_PANEL"]},{"pixelExpression":"CachedPanel ( \"4\" ) ;","isMeta":false,"output":{"panelId":"4","panelLabel":"_","view":"text-widget","viewOptions":"{\"html\":\"<body>\\n<div class = \\\"header\\\"> <font size = \\\"5\\\" color = \\\"white\\\"><b>Data MetaModel</b></font></div>\\n<div id=\\\"colorstrip\\\"></div>\\n<div class = \\\"listItem\\\">As you can see below, the PAMPI metamodel consists of 10 disjointed tables that do not interact with eachother</font></div>\\n<img src=\\\"http://drive.google.com/uc?export=view&id=1Rhao0nRoUsuF1OHEpfzPYiAGDmctyQGK\\\" alt=\\\"PAMPI Metamodel\\\" width=\\\"1000\\\" height=\\\"666\\\">\\n</body>\\n\\n<style>\\n\\n#TextWidget #colorstrip{\\n    width: 100%; height: 2px;\\n    border-style: solid;\\n    border-color: #86BC24;\\n    background-color: #86BC24;\\n}\\n#TextWidget .header{\\nbackground-color: #000000;\\n}\\n#TextWidget .listItem{\\n  font: 16px/1.5 Helvetica, sans-serif;\\n  padding-left: 20px;\\n  padding-top: 5px;\\n  padding-bottom: 10 px;\\n  color: #000000;\\n}\\n\\n#TextWidget span{\\n  position: absolute;\\n}\\n</style>\",\"varList\":[{\"name\":\"\",\"query\":\"\"}],\"freeze\":false,\"loading\":true}","viewOptionsMap":{"text-widget":{"html":"<body>\n<div class = \"header\"> <font size = \"5\" color = \"white\"><b>Data MetaModel</b></font></div>\n<div id=\"colorstrip\"></div>\n<div class = \"listItem\">As you can see below, the PAMPI metamodel consists of 10 disjointed tables that do not interact with eachother</font></div>\n<img src=\"http://drive.google.com/uc?export=view&id=1Rhao0nRoUsuF1OHEpfzPYiAGDmctyQGK\" alt=\"PAMPI Metamodel\" width=\"1000\" height=\"666\">\n</body>\n\n<style>\n\n#TextWidget #colorstrip{\n    width: 100%; height: 2px;\n    border-style: solid;\n    border-color: #86BC24;\n    background-color: #86BC24;\n}\n#TextWidget .header{\nbackground-color: #000000;\n}\n#TextWidget .listItem{\n  font: 16px/1.5 Helvetica, sans-serif;\n  padding-left: 20px;\n  padding-top: 5px;\n  padding-bottom: 10 px;\n  color: #000000;\n}\n\n#TextWidget span{\n  position: absolute;\n}\n</style>","varList":[{"name":"","query":""}],"freeze":false,"loading":true}},"config":{},"ornaments":{},"events":{},"comments":{},"position":{"top":0.0,"left":29.759174311926607,"width":46.10091743119266,"height":60.048426150121074},"filters":[],"order":[],"cbv":[]},"operationType":["CACHED_PANEL"]},{"pixelExpression":"if ( ( false ) , ( ( RunDocCosSimilarity ( instance = [ column_name ] , description = [ description ] , override = [ true ] ) ; if ( ( HasDuplicates ( targetCol , sourceCol ) ) , ( Select ( targetCol , sourceCol , Average ( distance ) ) .as ( [ targetCol , sourceCol , Average_of_Distance ] ) | Group ( targetCol , sourceCol ) | With ( Panel ( 0 ) ) | Format ( type = [ 'table' ] ) | TaskOptions ( { \"0\" : { \"layout\" : \"HeatMap\" , \"alignment\" : { \"x\" : [ \"targetCol\" ] , \"y\" : [ \"sourceCol\" ] , \"heat\" : [ \"Average_of_Distance\" ] , \"facet\" : [ ] , \"tooltip\" : [ ] } } } ) | Collect ( 500 ) ) , ( Select ( targetCol , sourceCol , distance ) .as ( [ targetCol , sourceCol , distance ] ) | With ( Panel ( 0 ) ) | Format ( type = [ 'table' ] ) | TaskOptions ( { \"0\" : { \"layout\" : \"HeatMap\" , \"alignment\" : { \"x\" : [ \"targetCol\" ] , \"y\" : [ \"sourceCol\" ] , \"heat\" : [ \"distance\" ] , \"facet\" : [ ] , \"tooltip\" : [ ] } } } ) | Collect ( 500 ) ) ) ; ) ) , ( ( SimFrame = RunDocCosSimilarity ( instance = [ column_name ] , description = [ description ] , override = [ false ] ) ; AddPanel ( 1 ) ; Panel ( 1 ) | AddPanelEvents ( { \"onSingleClick\" : { \"Unfilter\" : [ { \"panel\" : \"\" , \"query\" : \"<encode>UnfilterFrame(column_name);</encode>\" , \"options\" : { } , \"refresh\" : false , \"default\" : true , \"disabledVisuals\" : [ \"Grid\" , \"Sunburst\" ] , \"disabled\" : false } ] } , \"onDoubleClick\" : { \"Filter\" : [ { \"panel\" : \"0\" , \"query\" : \"<encode>AddFrameFilter(column_name==<SelectedValues>);</encode>\" , \"options\" : { } , \"refresh\" : false , \"default\" : true , \"disabled\" : false } ] } } ) ; Panel ( 1 ) | RetrievePanelEvents ( ) ; Panel ( 1 ) | SetPanelView ( \"visualization\" , \"<encode>{\"type\":\"echarts\"}</encode>\" ) ; if ( ( HasDuplicates ( frame = [ SimFrame ] , columns = [ targetCol , sourceCol ] ) ) , ( Frame ( SimFrame ) | Select ( targetCol , sourceCol , Average ( distance ) ) .as ( [ targetCol , sourceCol , Average_of_Distance ] ) | Group ( targetCol , sourceCol ) | With ( Panel ( 1 ) ) | Format ( type = [ 'table' ] ) | TaskOptions ( { \"1\" : { \"layout\" : \"HeatMap\" , \"alignment\" : { \"x\" : [ \"targetCol\" ] , \"y\" : [ \"sourceCol\" ] , \"heat\" : [ \"Average_of_Distance\" ] , \"facet\" : [ ] , \"tooltip\" : [ ] } } } ) | Collect ( 500 ) ) , ( Frame ( SimFrame ) | Select ( targetCol , sourceCol , distance ) .as ( [ targetCol , sourceCol , distance ] ) | With ( Panel ( 1 ) ) | Format ( type = [ 'table' ] ) | TaskOptions ( { \"1\" : { \"layout\" : \"HeatMap\" , \"alignment\" : { \"x\" : [ \"targetCol\" ] , \"y\" : [ \"sourceCol\" ] , \"heat\" : [ \"distance\" ] , \"facet\" : [ ] , \"tooltip\" : [ ] } } } ) | Collect ( 500 ) ) ) ; ) ) ) ;","isMeta":false,"output":"prerna.ds.h2.H2Frame cannot be cast to prerna.ds.r.RDataTable","operationType":["ERROR"]},{"pixelExpression":"if ( ( false ) , ( ( RunDocCosSimilarity ( instance = [ column_name ] , description = [ description ] , override = [ true ] ) ; if ( ( HasDuplicates ( targetCol , sourceCol ) ) , ( Select ( targetCol , sourceCol , Average ( distance ) ) .as ( [ targetCol , sourceCol , Average_of_Distance ] ) | Group ( targetCol , sourceCol ) | With ( Panel ( 0 ) ) | Format ( type = [ 'table' ] ) | TaskOptions ( { \"0\" : { \"layout\" : \"HeatMap\" , \"alignment\" : { \"x\" : [ \"targetCol\" ] , \"y\" : [ \"sourceCol\" ] , \"heat\" : [ \"Average_of_Distance\" ] , \"facet\" : [ ] , \"tooltip\" : [ ] } } } ) | Collect ( 500 ) ) , ( Select ( targetCol , sourceCol , distance ) .as ( [ targetCol , sourceCol , distance ] ) | With ( Panel ( 0 ) ) | Format ( type = [ 'table' ] ) | TaskOptions ( { \"0\" : { \"layout\" : \"HeatMap\" , \"alignment\" : { \"x\" : [ \"targetCol\" ] , \"y\" : [ \"sourceCol\" ] , \"heat\" : [ \"distance\" ] , \"facet\" : [ ] , \"tooltip\" : [ ] } } } ) | Collect ( 500 ) ) ) ; ) ) , ( ( SimFrame = RunDocCosSimilarity ( instance = [ column_name ] , description = [ description ] , override = [ false ] ) ; AddPanel ( 1 ) ; Panel ( 1 ) | AddPanelEvents ( { \"onSingleClick\" : { \"Unfilter\" : [ { \"panel\" : \"\" , \"query\" : \"<encode>UnfilterFrame(column_name);</encode>\" , \"options\" : { } , \"refresh\" : false , \"default\" : true , \"disabledVisuals\" : [ \"Grid\" , \"Sunburst\" ] , \"disabled\" : false } ] } , \"onDoubleClick\" : { \"Filter\" : [ { \"panel\" : \"0\" , \"query\" : \"<encode>AddFrameFilter(column_name==<SelectedValues>);</encode>\" , \"options\" : { } , \"refresh\" : false , \"default\" : true , \"disabled\" : false } ] } } ) ; Panel ( 1 ) | RetrievePanelEvents ( ) ; Panel ( 1 ) | SetPanelView ( \"visualization\" , \"<encode>{\"type\":\"echarts\"}</encode>\" ) ; if ( ( HasDuplicates ( frame = [ SimFrame ] , columns = [ targetCol , sourceCol ] ) ) , ( Frame ( SimFrame ) | Select ( targetCol , sourceCol , Average ( distance ) ) .as ( [ targetCol , sourceCol , Average_of_Distance ] ) | Group ( targetCol , sourceCol ) | With ( Panel ( 1 ) ) | Format ( type = [ 'table' ] ) | TaskOptions ( { \"1\" : { \"layout\" : \"HeatMap\" , \"alignment\" : { \"x\" : [ \"targetCol\" ] , \"y\" : [ \"sourceCol\" ] , \"heat\" : [ \"Average_of_Distance\" ] , \"facet\" : [ ] , \"tooltip\" : [ ] } } } ) | Collect ( 500 ) ) , ( Frame ( SimFrame ) | Select ( targetCol , sourceCol , distance ) .as ( [ targetCol , sourceCol , distance ] ) | With ( Panel ( 1 ) ) | Format ( type = [ 'table' ] ) | TaskOptions ( { \"1\" : { \"layout\" : \"HeatMap\" , \"alignment\" : { \"x\" : [ \"targetCol\" ] , \"y\" : [ \"sourceCol\" ] , \"heat\" : [ \"distance\" ] , \"facet\" : [ ] , \"tooltip\" : [ ] } } } ) | Collect ( 500 ) ) ) ; ) ) ) ;","isMeta":false,"output":"prerna.ds.h2.H2Frame cannot be cast to prerna.ds.r.RDataTable","operationType":["ERROR"]},{"pixelExpression":"if ( ( Frame ( Frame = [ PATIENT_TABLE ] ) | HasDuplicates ( SSN ) ) , ( Frame ( Frame = [ PATIENT_TABLE ] ) | Select ( SSN , Count ( PATIENTS ) ) .as ( [ SSN , Count_of_PATIENTS ] ) | Group ( SSN ) | With ( Panel ( 3 ) ) | Format ( type = [ 'table' ] ) | TaskOptions ( { \"3\" : { \"layout\" : \"Column\" , \"alignment\" : { \"label\" : [ \"SSN\" ] , \"value\" : [ \"Count_of_PATIENTS\" ] , \"tooltip\" : [ ] , \"facet\" : [ ] } } } ) | Collect ( 2000 ) ) , ( Frame ( Frame = [ PATIENT_TABLE ] ) | Select ( SSN , PATIENTS ) .as ( [ SSN , PATIENTS ] ) | With ( Panel ( 3 ) ) | Format ( type = [ 'table' ] ) | TaskOptions ( { \"3\" : { \"layout\" : \"Column\" , \"alignment\" : { \"label\" : [ \"SSN\" ] , \"value\" : [ \"PATIENTS\" ] , \"tooltip\" : [ ] , \"facet\" : [ ] } } } ) | Collect ( 2000 ) ) ) ;","isMeta":false,"output":"Cannot find header for column input = SSN","operationType":["ERROR"]},{"pixelExpression":"Panel ( 3 ) | RetrievePanelColorByValue ( name = [ \"cbv_1557433743057\" ] ) | Collect ( 2000 ) ;","isMeta":false,"output":"Cannot find header for column input = SSN","operationType":["ERROR"]},{"pixelExpression":"Panel ( 3 ) | RetrievePanelColorByValue ( name = [ \"cbv_1557433856937\" ] ) | Collect ( 2000 ) ;","isMeta":false,"output":"Cannot find header for column input = SSN","operationType":["ERROR"]}]}